Workbook

Sheet Kangatang

Sheet Sheet1
A1: THÁNG 02/2026
A2: TÍNH TOÁN TIÊU CHUẨN, SỬ DỤNG ĐIỆN NƯỚC
B4: I. BẢNG TÍNH TỔN HAO VÀ SỬ DỤNG THỰC TẾ
B5: 1. Bảng tính các vị trí có công tơ tại trạm, không có tổn hao
C6: Số đầu kỳ | D6: Số cuối kỳ | E6: Sử dụng
B7: Tiểu đoàn 18 | C7: 95440 | D7: 99460 | E7: =D7-C7 -> 4020
B8: Tổng | E8: =SUM(E7:E7) -> 4020
B9: Số sử dụng toàn đơn vị theo công tơ tổng điện lực | H9: 45960
B10: Số sử dụng sau khi trừ các vị trí không có tổn hao | G10: A= | H10: =H9-E8 -> 41940
A12: Đơn vị | B12: Chi tiết | C12: Nhà ở | E12: Nhà làm việc | G12: Số sử dụng | H12: Số tổn hao | I12: Số sử dụng thực tế bao gồm cả tổn hao
C13: Số đầu kỳ | D13: Số cuối kỳ | E13: Số đầu kỳ | F13: Số cuối kỳ
C14: 3 | D14: 4 | E14: 5 | F14: 6 | G14: 7=4+6-3-5 | H14: 8 | I14: 9
A15: Chỉ huy f | B15: Chỉ huy f +N.khách | C15: 90885 | D15: 98320 | G15: =D15+F15-C15-E15 -> 7435 | H15: =G15*$D$157/$G$153 -> 324.12959 | I15: =G15+H15 -> 7759.1296
B16: Sư đoàn trưởng | E16: 814 | F16: 815 | G16: =D16+F16-C16-E16 -> 1 | H16: =G16*$D$157/$G$153 -> 0.043595103 | I16: =G16+H16 -> 1.0435951
B17: Phó Sư đoàn trưởng | E17: 180 | F17: 180 | G17: =D17+F17-C17-E17 -> 0 | H17: =G17*$D$157/$G$153 -> 0 | I17: =G17+H17 -> 0
B18: Phó Sư đoàn trưởng-TMT | E18: 526 | F18: 527 | G18: =D18+F18-C18-E18 -> 1 | H18: =G18*$D$157/$G$153 -> 0.043595103 | I18: =G18+H18 -> 1.0435951
B19: Chính uỷ | E19: 1589 | F19: 1589 | G19: =D19+F19-C19-E19 -> 0 | H19: =G19*$D$157/$G$153 -> 0 | I19: =G19+H19 -> 0
B20: Phó Chỉnh uỷ | E20: 479 | F20: 479 | G20: =D20+F20-C20-E20 -> 0 | H20: =G20*$D$157/$G$153 -> 0 | I20: =G20+H20 -> 0
H21: =G21*$D$157/$G$153 -> 0
A22: CH. PTM | B22: TMP Trường | C22: 13223 | D22: 13322 | E22: 87 | F22: 87 | G22: =D22+F22-C22-E22 -> 99 | H22: =G22*$D$157/$G$153 -> 4.3159152 | I22: =G22+H22 -> 103.31592
B23: TMP Hưng | C23: 14106 | D23: 14231 | E23: 65 | F23: 65 | G23: =D23+F23-C23-E23 -> 125 | H23: =G23*$D$157/$G$153 -> 5.4493879 | I23: =G23+H23 -> 130.44939
B24: TMP Hiếu | C24: 12774 | D24: 12875 | G24: =D24+F24-C24-E24 -> 101 | H24: =G24*$D$157/$G$153 -> 4.4031054 | I24: =G24+H24 -> 105.40311
A25: Ban Q.lực | B25: ĐH TB Q. Lực | C25: 11709 | D25: 11807 | E25: 672 | F25: 683 | G25: =D25+F25-C25-E25 -> 109 | H25: =G25*$D$157/$G$153 -> 4.7518662 | I25: =G25+H25 -> 113.75187
B26: Thành; Thế; Huy | C26: 26593 | D26: 26985 | E26: 19284 | F26: 19412 | G26: =D26+F26-C26-E26 -> 520 | H26: =G26*$D$157/$G$153 -> 22.669454 | I26: =G26+H26 -> 542.66945
B27: Quỳnh; Chuyên; Tú | C27: 12547 | D27: 12806 | G27: =D27+F27-C27-E27 -> 259 | H27: =G27*$D$157/$G$153 -> 11.291132 | I27: =G27+H27 -> 270.29113
A28: Ban Tác huấn | B28: Trưởng ban + Qúy | C28: 10495 | D28: 10608 | E28: 423 | F28: 450 | G28: =D28+F28-C28-E28+(F29-E29) -> 486 | H28: =G28*$D$157/$G$153 -> 21.18722 | I28: =G28+H28 -> 507.18722 | K28: =L28+N28 -> 28.177068 | L28: =F28-E28 -> 27 | M28: =H153/G153 -> 0.043595103 | N28: =L28*M28 -> 1.1770678
B29: Tuấn, Nam,Công | C29: 9551 | D29: 9779 | E29: 21807 | F29: 22153 | G29: =D29-C29 -> 228 | H29: =G29*$D$157/$G$153 -> 9.9396835 | I29: =G29+H29 -> 237.93968 | K29: =L29+N29 -> 361.08391 | L29: =F29-E29 -> 346 | M29: =H153/G153 -> 0.043595103 | N29: =L29*M29 -> 15.083906
B30: Thiệp, Chung | C30: 10100 | D30: 10267 | G30: =D30+F30-C30-E30 -> 167 | H30: =G30*$D$157/$G$153 -> 7.2803822 | I30: =G30+H30 -> 174.28038 | K30: =F30-E30 -> 0
B31: Tuấn; Chiến sỹ | C31: 18454 | D31: 18587 | G31: =D31+F31-C31-E31 -> 133 | H31: =G31*$D$157/$G$153 -> 5.7981487 | I31: =G31+H31 -> 138.79815 | K31: =F31-E31 -> 0
B32: Bản đồ | E32: 8041 | F32: 8149 | G32: =D32+F32-C32-E32 -> 108 | H32: =G32*$D$157/$G$153 -> 4.7082711 | I32: =G32+H32 -> 112.70827 | K32: =I32 -> 112.70827
A33: B. T.sát | B33: TB + Ngọc | C33: 20577 | D33: 20762 | E33: 1306 | F33: 1322 | G33: =D33+F33-C33-E33 -> 201 | H33: =G33*$D$157/$G$153 -> 8.7626157 | I33: =G33+H33 -> 209.76262 | K33: =SUM(K28:K32) -> 501.96924
B34: TL Dũng | C34: 8401 | D34: 8484 | G34: =D34+F34-C34-E34 -> 83 | H34: =G34*$D$157/$G$153 -> 3.6183936 | I34: =G34+H34 -> 86.618394
A35: B. C.Binh | B35: TB + Tùng + Linh | C35: 17220 | D35: 17428 | E35: 808 | F35: 827 | G35: =D35+F35-C35-E35 -> 227 | H35: =G35*$D$157/$G$153 -> 9.8960884 | I35: =G35+H35 -> 236.89609
B36: Phiêu; Hưng | C36: 6387 | D36: 6466 | G36: =D36+F36-C36-E36 -> 79 | H36: =G36*$D$157/$G$153 -> 3.4440131 | I36: =G36+H36 -> 82.444013
A37: B. P.Binh | B37: TB + Mạnh | C37: 18984 | D37: 19205 | E37: 1182 | F37: 1195 | G37: =D37+F37-C37-E37 -> 234 | H37: =G37*$D$157/$G$153 -> 10.201254 | I37: =G37+H37 -> 244.20125
B38: TL Anh; Diến | C38: 1931 | D38: 2015 | G38: =D38+F38-C38-E38 -> 84 | H38: =G38*$D$157/$G$153 -> 3.6619887 | I38: =G38+H38 -> 87.661989
A39: B. P.Không | B39: TB + Cường | C39: 25368 | D39: 25483 | E39: 1209 | F39: 1222 | G39: =D39+F39-C39-E39 -> 128 | H39: =G39*$D$157/$G$153 -> 5.5801732 | I39: =G39+H39 -> 133.58017
B40: Nguyên PB; Công TH | C40: 12447 | D40: 12668 | G40: =D40+F40-C40-E40 -> 221 | H40: =G40*$D$157/$G$153 -> 9.6345178 | I40: =G40+H40 -> 230.63452
A41: B. T.Tin | B41: TB + Khôi | C41: 23538 | D41: 23624 | E41: 1005 | F41: 1014 | G41: =D41+F41-C41-E41 -> 95 | H41: =G41*$D$157/$G$153 -> 4.1415348 | I41: =G41+H41 -> 99.141535
B42: Trạm cơ công | C42: 4704 | D42: 5057 | G42: =D42+F42-C42-E42 -> 353 | H42: =G42*$D$157/$G$153 -> 15.389071 | I42: =G42+H42 -> 368.38907
B43: TL Khương; Nghĩa | C43: 13422 | D43: 13740 | G43: =D43+F43-C43-E43 -> 318 | H43: =G43*$D$157/$G$153 -> 13.863243 | I43: =G43+H43 -> 331.86324
A44: Ban T. chính | B44: TB | C44: 19518 | D44: 19849 | E44: 3909 | F44: 3946 | G44: =D44+F44-C44-E44 -> 368 | H44: =G44*$D$157/$G$153 -> 16.042998 | I44: =G44+H44 -> 384.043
B45: P2 Việt; Thắng | C45: 11763 | D45: 11993 | E45: 5584 | F45: 5608 | G45: =D45+F45-C45-E45 -> 254 | H45: =G45*$D$157/$G$153 -> 11.073156 | I45: =G45+H45 -> 265.07316
B46: P3 Phong; Thắng | C46: 7778 | D46: 8210 | E46: 8924 | F46: 9035 | G46: =D46+F46-C46-E46 -> 543 | H46: =G46*$D$157/$G$153 -> 23.672141 | I46: =G46+H46 -> 566.67214
B47: P4 Vũ; Vũ | C47: 18618 | D47: 18797 | G47: =D47+F47-C47-E47 -> 179 | H47: =G47*$D$157/$G$153 -> 7.8035234 | I47: =G47+H47 -> 186.80352
A48: B. C. Yếu | B48: TB Vũ | C48: 9213 | D48: 9298 | E48: 668 | F48: 671 | G48: =D48+F48-C48-E48 -> 88 | H48: =G48*$D$157/$G$153 -> 3.8363691 | I48: =G48+H48 -> 91.836369
B49: TL Sơn; Hà; Anh | C49: 12333 | D49: 12440 | G49: =D49+F49-C49-E49 -> 107 | H49: =G49*$D$157/$G$153 -> 4.664676 | I49: =G49+H49 -> 111.66468
B50: Bảo mật | C50: 14892 | D50: 14987 | E50: 2564 | F50: 2584 | G50: =D50+F50-C50-E50+10 -> 125 | H50: =G50*$D$157/$G$153 -> 5.4493879 | I50: =G50+H50 -> 130.44939
B51: Viết Sử | C51: 14798 | D51: 14848 | E51: 849 | F51: 857 | G51: =D51+F51-C51-E51 -> 58 | H51: =G51*$D$157/$G$153 -> 2.528516 | I51: =G51+H51 -> 60.528516
B52: TLCT | C52: 9327 | D52: 9358 | E52: 2094 | F52: 2109 | G52: =D52+F52-C52-E52 -> 46 | H52: =G52*$D$157/$G$153 -> 2.0053747 | I52: =G52+H52 -> 48.005375
A53: Tổ xe | B53: Nhà ở | C53: 76676 | D53: 76877 | G53: =D53+F53-C53-E53 -> 201 | H53: =G53*$D$157/$G$153 -> 8.7626157 | I53: =G53+H53 -> 209.76262
B54: Bếp | C54: 27058 | D54: 27217 | G54: =D54+F54-C54-E54 -> 159 | H54: =G54*$D$157/$G$153 -> 6.9316214 | I54: =G54+H54 -> 165.93162
B55: Điều hòa tổ xe | C55: 2582 | D55: 2585 | G55: =D55+F55-C55-E55 -> 3 | H55: =G55*$D$157/$G$153 -> 0.13078531 | I55: =G55+H55 -> 3.1307853
B56: Nóng lạnh | C56: 20227 | D56: 20508 | G56: =D56+F56-C56-E56 -> 281 | H56: =G56*$D$157/$G$153 -> 12.250224 | I56: =G56+H56 -> 293.25022
H57: =G57*$D$157/$G$153 -> 0
A58: Chỉ huy PCT | B58: Chủ nhiệm | C58: 14387 | D58: 14492 | E58: 273 | F58: 274 | G58: =D58+F58-C58-E58 -> 106 | H58: =G58*$D$157/$G$153 -> 4.6210809 | I58: =G58+H58 -> 110.62108
B59: Phó CN Long | C59: 15254 | D59: 15380 | E59: 128 | F59: 137 | G59: =D59+F59-C59-E59 -> 135 | H59: =G59*$D$157/$G$153 -> 5.8853389 | I59: =G59+H59 -> 140.88534
B60: Phó CN Kha | C60: 18622 | D60: 18978 | G60: =D60+F60-C60-E60 -> 356 | H60: =G60*$D$157/$G$153 -> 15.519857 | I60: =G60+H60 -> 371.51986
B61: PCN UBKT | C61: 17801 | D61: 18067 | E61: 843 | F61: 863 | G61: =D61+F61-C61-E61 -> 286 | H61: =G61*$D$157/$G$153 -> 12.468199 | I61: =G61+H61 -> 298.4682
A62: Dân vận | B62: TB Mạnh + Hiếu | C62: 20903 | D62: 21109 | E62: 1604 | F62: 1613 | G62: =D62+F62-C62-E62 -> 215 | H62: =G62*$D$157/$G$153 -> 9.3729471 | I62: =G62+H62 -> 224.37295
A63: B.C.Bộ | B63: TB + Thịnh | C63: 15645 | D63: 15832 | E63: 247 | F63: 248 | G63: =D63+F63-C63-E63 -> 188 | H63: =G63*$D$157/$G$153 -> 8.1958794 | I63: =G63+H63 -> 196.19588
B64: Huỳnh; Dũng | C64: 13168 | D64: 13270 | E64: 11956 | F64: 12112 | G64: =D64+F64-C64-E64 -> 258 | H64: =G64*$D$157/$G$153 -> 11.247537 | I64: =G64+H64 -> 269.24754
A65: B. B. vệ | B65: TB + Hiếu | C65: 15245 | D65: 15295 | E65: 818 | F65: 829 | G65: =D65+F65-C65-E65 -> 61 | H65: =G65*$D$157/$G$153 -> 2.6593013 | I65: =G65+H65 -> 63.659301
B66: Thịnh + Huỳnh | C66: 7640 | D66: 7712 | G66: =D66+F66-C66-E66 -> 72 | H66: =G66*$D$157/$G$153 -> 3.1388474 | I66: =G66+H66 -> 75.138847
A67: B. T.chức | B67: TB + Tân | C67: 12838 | D67: 12955 | E67: 2590 | F67: 2599 | G67: =D67+F67-C67-E67 -> 126 | H67: =G67*$D$157/$G$153 -> 5.492983 | I67: =G67+H67 -> 131.49298
B68: Cậy | E68: 3518 | F68: 3534 | G68: =D68+F68-C68-E68 -> 16 | H68: =G68*$D$157/$G$153 -> 0.69752165 | I68: =G68+H68 -> 16.697522
B69: Khương; Ba | C69: 10357 | D69: 10507 | E69: 829 | F69: 846 | G69: =D69+F69-C69-E69 -> 167 | H69: =G69*$D$157/$G$153 -> 7.2803822 | I69: =G69+H69 -> 174.28038
A70: B.T.huấn | B70: TB | C70: 12688 | D70: 12800 | E70: 2522 | F70: 2532 | G70: =D70+F70-C70-E70 -> 122 | H70: =G70*$D$157/$G$153 -> 5.3186026 | I70: =G70+H70 -> 127.3186
B71: Phòng ở Hội trường (Ánh) | C71: 22324 | D71: 22395 | G71: =D71+F71-C71-E71 -> 71 | H71: =G71*$D$157/$G$153 -> 3.0952523 | I71: =G71+H71 -> 74.095252
B72: Phòng ở Hội trường (Bếp) | C72: 609 | D72: 614 | G72: =D72+F72-C72-E72 -> 5 | H72: =G72*$D$157/$G$153 -> 0.21797552 | I72: =G72+H72 -> 5.2179755
B73: TL Huyên; T Anh | C73: 9962 | D73: 10067 | E73: 3773 | F73: 3822 | G73: =D73+F73-C73-E73 -> 154 | H73: =G73*$D$157/$G$153 -> 6.7136459 | I73: =G73+H73 -> 160.71365
B74: Thanh niên + chính sách | C74: 14360 | D74: 14480 | G74: =D74+F74-C74-E74 -> 120 | H74: =G74*$D$157/$G$153 -> 5.2314124 | I74: =G74+H74 -> 125.23141
B75: TLKH Vũ, Huy | C75: 9775 | D75: 9908 | E75: 1302 | F75: 1329 | G75: =D75+F75-C75-E75 -> 160 | H75: =G75*$D$157/$G$153 -> 6.9752165 | I75: =G75+H75 -> 166.97522
H76: =G76*$D$157/$G$153 -> 0
A77: C.Huy PHCKT | B77: PCN Mạnh | C77: 14835 | D77: 15026 | E77: 187 | F77: 187 | G77: =D77+F77-C77-E77 -> 191 | H77: =G77*$D$157/$G$153 -> 8.3266647 | I77: =G77+H77 -> 199.32666
B78: PCN Quang | C78: 27383 | D78: 27463 | E78: 1372 | F78: 1372 | G78: =D78-C78 -> 80 | H78: =G78*$D$157/$G$153 -> 3.4876082 | I78: =G78+H78 -> 83.487608 | K78: =F78-E78 -> 0
B79: CN Dũng | C79: 19613 | D79: 19786 | E79: 125 | F79: 125 | G79: =D79+F79-C79-E79 -> 173 | H79: =G79*$D$157/$G$153 -> 7.5419528 | I79: =G79+H79 -> 180.54195 | K79: =K78/2 -> 0
B80: Thiết + Chiến sĩ | C80: 31548 | D80: 31715 | G80: =D80+F80-C80-E80 -> 167 | H80: =G80*$D$157/$G$153 -> 7.2803822 | I80: =G80+H80 -> 174.28038
B81: Phòng ăn | C81: 30565 | D81: 30716 | G81: =D81+F81-C81-E81 -> 151 | H81: =G81*$D$157/$G$153 -> 6.5828606 | I81: =G81+H81 -> 157.58286
A82: Ban kế hoạch | B82: Long | C82: 18240 | D82: 18332 | G82: =D82+F82-C82-E82 -> 92 | H82: =G82*$D$157/$G$153 -> 4.0107495 | I82: =G82+H82 -> 96.010749
B83: TB Đức | C83: 17287 | D83: 17401 | E83: 3147 | F83: 3179 | G83: =D83+F83+F84-C83-E83-E84 -> 183 | H83: =G83*$D$157/$G$153 -> 7.9779039 | I83: =G83+H83 -> 190.9779
B84: TL Tùng,Cường | C84: 10520 | D84: 10607 | E84: 1423 | F84: 1460 | G84: =D84-C84 -> 87 | H84: =G84*$D$157/$G$153 -> 3.792774 | I84: =G84+H84 -> 90.792774
A85: B.D.trại | B85: TB | C85: 11444 | D85: 11489 | E85: 5969 | F85: 6004 | G85: =D85+F85-C85-E85 -> 80 | H85: =G85*$D$157/$G$153 -> 3.4876082 | I85: =G85+H85 -> 83.487608
B86: TL | C86: 1854 | D86: 1917 | E86: 2492 | F86: 2515 | G86: =D86+F86-C86-E86 -> 86 | H86: =G86*$D$157/$G$153 -> 3.7491789 | I86: =G86+H86 -> 89.749179
B87: Nhà ở trạm nước | C87: 15145 | D87: 15664 | G87: =D87+F87-C87-E87 -> 519 | H87: =G87*$D$157/$G$153 -> 22.625858 | I87: =G87+H87 -> 541.62586
A88: B.Q.Nhu | B88: TB Ngọc | C88: 17059 | D88: 17169 | E88: 3274 | F88: 3320 | G88: =D88+F88-C88-E88 -> 156 | H88: =G88*$D$157/$G$153 -> 6.8008361 | I88: =G88+H88 -> 162.80084
B89: TL Huy; Triệu | C89: 26630 | D89: 26828 | G89: =D89+F89-C89-E89 -> 198 | H89: =G89*$D$157/$G$153 -> 8.6318304 | I89: =G89+H89 -> 206.63183
B90: TL Nam | C90: 13923 | D90: 14127 | G90: =D90+F90-C90-E90 -> 204 | H90: =G90*$D$157/$G$153 -> 8.893401 | I90: =G90+H90 -> 212.8934
A91: B.X.dầu | B91: TB | C91: 8198 | D91: 8248 | E91: 1759 | F91: 1787 | G91: =D91+F91-C91-E91 -> 78 | H91: =G91*$D$157/$G$153 -> 3.400418 | I91: =G91+H91 -> 81.400418
B92: Tùng; Chuyên | C92: 8524 | D92: 8658 | G92: =D92+F92-C92-E92 -> 134 | H92: =G92*$D$157/$G$153 -> 5.8417438 | I92: =G92+H92 -> 139.84174
B93: Ban quân y | C93: 7261 | D93: 7328 | E93: 948 | F93: 949 | G93: =D93+F93-C93-E93 -> 68 | H93: =G93*$D$157/$G$153 -> 2.964467 | I93: =G93+H93 -> 70.964467
A94: B.X.máy | B94: TB | C94: 14756 | D94: 14803 | E94: 1276 | F94: 1303 | G94: =(D94+F94-C94-E94)+K79 -> 74 | H94: =G94*$D$157/$G$153 -> 3.2260376 | I94: =G94+H94 -> 77.226038
B95: Nhiên | C95: 25238 | D95: 25360 | G95: =D95+F95-C95-E95 -> 122 | H95: =G95*$D$157/$G$153 -> 5.3186026 | I95: =G95+H95 -> 127.3186
A96: B.Q.Khí | B96: TB | C96: 7770 | D96: 7881 | E96: 1930 | F96: 1943 | G96: =D96+F96-C96-E96+K79 -> 124 | H96: =G96*$D$157/$G$153 -> 5.4057928 | I96: =G96+H96 -> 129.40579
B97: TL | C97: 442 | D97: 560 | G97: =D97+F97-C97-E97 -> 118 | H97: =G97*$D$157/$G$153 -> 5.1442222 | I97: =G97+H97 -> 123.14422
B98: Tuấn Anh, Huy | C98: 14741 | D98: 14821 | E98: 892 | F98: 903 | G98: =D98+F98-C98-E98 -> 91 | H98: =G98*$D$157/$G$153 -> 3.9671544 | I98: =G98+H98 -> 94.967154
H99: =G99*$D$157/$G$153 -> 0
A100: Bếp f bộ | B100: Ánh sáng bếp | C100: 10365 | D100: 10607 | G100: =D100+F100-C100-E100 -> 242 | H100: =G100*$D$157/$G$153 -> 10.550015 | I100: =G100+H100 -> 252.55001
B101: Bếp nấu | C101: 20076 | D101: 20923 | G101: =D101+F101-C101-E101 -> 847 | H101: =G101*$D$157/$G$153 -> 36.925052 | I101: =G101+H101 -> 883.92505
B102: Kho | C102: 43170 | D102: 43331 | G102: =D102+F102-C102-E102 -> 161 | H102: =G102*$D$157/$G$153 -> 7.0188116 | I102: =G102+H102 -> 168.01881
...

Sheet Sheet1 (2)
A2: TÍNH TOÁN TIÊU CHUẨN, SỬ DỤNG ĐIỆN NƯỚC THÁNG 02/2026
D4: III. BẢNG TÍNH SỬ DỤNG ĐIỆN
B6: STT | C6: Đơn vị | E6: Tiêu chuẩn sinh hoạt làm việc | J6: Tiêu chuẩn điện bơm nước (kW) | K6: Phần trừ tiêu chuẩn | N6: Tiêu chuẩn còn lại | O6: Sử dụng | R6: Số thâm điện | S6: Đơn giá (đồng) | T6: Thành tiền (đồng) | U6: Tổng | V6: Người phụ trách | W6: Ký nhận
E7: 3// 4// | F7: 1// 2// | G7: Cấp úy | H7: HSQ-CS | I7: Tổng (kW) | K7: Tiết kiệm của Bộ 5% | L7: Công cộng chung của Sư đoàn 10 % | M7: Điện nhà ăn + bếp | O7: Số sử dụng thực tế bao gồm cả tổn hao | P7: Điện bơm nước | Q7: Tổng cộng
I8: (1) | J8: (2) | K8: (3)=(1+2)*5% | L8: (4)=(1+2)*10% | M8: (5) | N8: (6)=(1+2-3-4-5) | P8: =Sheet1!D165 -> 2025.186 | S8: 2336.4
B9: I | C9: Phòng Tham mưu
B10: 1 | C10: TMP Trường | E10: 1 | I10: =E10*115+F10*38+G10*28+H10*11 -> 115 | J10: =SUM(E10:H10)*6.3 -> 6.3 | K10: =(I10+J10)*5% -> 6.065 | L10: =(I10+J10)*10% -> 12.13 | N10: =I10+J10-K10-L10-M10 -> 103.105 | O10: =Sheet1!I22 -> 103.31592 | P10: =SUM(E10:H10)*$P$8/$P$92 -> 10.547844 | Q10: =SUM(O10:P10) -> 113.86376 | R10: =Q10-N10 -> 10.758759 | S10: =$S$8 -> 2336.4 | T10: =R10*S10 -> 25136.765 | U10: =T10 -> 25136.765 | V10: Nguyễn Văn Trường
B11: 2 | C11: TMP Hưng | E11: 1 | I11: =E11*115+F11*38+G11*28+H11*11 -> 115 | J11: =SUM(E11:H11)*6.3 -> 6.3 | K11: =(I11+J11)*5% -> 6.065 | L11: =(I11+J11)*10% -> 12.13 | N11: =I11+J11-K11-L11-M11 -> 103.105 | O11: =Sheet1!I23 -> 130.44939 | P11: =SUM(E11:H11)*$P$8/$P$92 -> 10.547844 | Q11: =SUM(O11:P11) -> 140.99723 | R11: =Q11-N11 -> 37.892232 | S11: =$S$8 -> 2336.4 | T11: =R11*S11 -> 88531.41 | U11: =T11 -> 88531.41 | V11: Tống Xuân Hưng
B12: 3 | C12: TMP Hiếu | E12: 1 | I12: =E12*115+F12*38+G12*28+H12*11 -> 115 | J12: =SUM(E12:H12)*6.3 -> 6.3 | K12: =(I12+J12)*5% -> 6.065 | L12: =(I12+J12)*10% -> 12.13 | N12: =I12+J12-K12-L12-M12 -> 103.105 | O12: =Sheet1!I24 -> 105.40311 | P12: =SUM(E12:H12)*$P$8/$P$92 -> 10.547844 | Q12: =SUM(O12:P12) -> 115.95095 | R12: =Q12-N12 -> 12.845949 | S12: =$S$8 -> 2336.4 | T12: 82704 | U12: 82704 | V12: Nguyễn Trung Hiếu
B13: 4 | C13: Ban Quân lực | D13: TB Q. Lực | F13: 1 | H13: 1 | I13: =E13*115+F13*38+G13*28+H13*11 -> 49 | J13: =SUM(E13:H13)*6.3 -> 12.6 | K13: =(I13+J13)*5% -> 3.08 | L13: =(I13+J13)*10% -> 6.16 | M13: =SUM(E13:H13)*2 -> 4 | N13: =I13+J13-K13-L13-M13 -> 48.36 | O13: =Sheet1!I25 -> 113.75187 | P13: =SUM(E13:H13)*$P$8/$P$92 -> 21.095688 | Q13: =SUM(O13:P13) -> 134.84755 | R13: =Q13-N13 -> 86.487554 | S13: =$S$8 -> 2336.4 | T13: =R13*S13 -> 202069.52 | U13: =T13+T14+T15 -> 1808168.8 | V13: Ngô Thế Biên | X13: =T13+T14+T15 -> 1808168.8
D14: Thành; Thế | F14: 2 | I14: =E14*115+F14*38+G14*28+H14*11 -> 76 | J14: =SUM(E14:H14)*6.3 -> 12.6 | K14: =(I14+J14)*5% -> 4.43 | L14: =(I14+J14)*10% -> 8.86 | M14: =SUM(E14:H14)*2 -> 4 | N14: =I14+J14-K14-L14-M14 -> 71.31 | O14: =Sheet1!I26 -> 542.66945 | P14: =SUM(E14:H14)*$P$8/$P$92 -> 21.095688 | Q14: =SUM(O14:P14) -> 563.76514 | R14: =Q14-N14 -> 492.45514 | S14: =$S$8 -> 2336.4 | T14: =R14*S14 -> 1150572.2
D15: Quỳnh; Tú | F15: 3 | I15: =E15*115+F15*38+G15*28+H15*11 -> 114 | J15: =SUM(E15:H15)*6.3 -> 18.9 | K15: =(I15+J15)*5% -> 6.645 | L15: =(I15+J15)*10% -> 13.29 | M15: =SUM(E15:H15)*2 -> 6 | N15: =I15+J15-K15-L15-M15 -> 106.965 | O15: =Sheet1!I27 -> 270.29113 | P15: =SUM(E15:H15)*$P$8/$P$92 -> 31.643532 | Q15: =SUM(O15:P15) -> 301.93466 | R15: =Q15-N15 -> 194.96966 | S15: =$S$8 -> 2336.4 | T15: =R15*S15 -> 455527.12
B16: 5 | C16: Ban Tác Huấn | D16: Trưởng ban + QUÝ | F16: 2 | I16: =E16*115+F16*38+G16*28+H16*11 -> 76 | J16: =SUM(E16:H16)*6.3 -> 12.6 | K16: =(I16+J16)*5% -> 4.43 | L16: =(I16+J16)*10% -> 8.86 | M16: =SUM(E16:H16)*2 -> 4 | N16: =I16+J16-K16-L16-M16 -> 71.31 | O16: =Sheet1!I28 -> 507.18722 | P16: =SUM(E16:H16)*$P$8/$P$92 -> 21.095688 | Q16: =SUM(O16:P16) -> 528.28291 | R16: =Q16-N16 -> 456.97291 | S16: =$S$8 -> 2336.4 | T16: =R16*S16 -> 1067671.5 | U16: =SUM(T16:T20) -> 2202739.6 | V16: Đàm Văn Khỏe (Điện nlv = 502 kW)
D17: Tuấn, Nam,Công | F17: 3 | I17: =E17*115+F17*38+G17*28+H17*11 -> 114 | J17: =SUM(E17:H17)*6.3 -> 18.9 | K17: =(I17+J17)*5% -> 6.645 | L17: =(I17+J17)*10% -> 13.29 | M17: =SUM(E17:H17)*2 -> 6 | N17: =I17+J17-K17-L17-M17 -> 106.965 | O17: =Sheet1!I29 -> 237.93968 | P17: =SUM(E17:H17)*$P$8/$P$92 -> 31.643532 | Q17: =SUM(O17:P17) -> 269.58322 | R17: =Q17-N17 -> 162.61822 | S17: =$S$8 -> 2336.4 | T17: =R17*S17 -> 379941.2 | X17: =Sheet1!K33 -> 501.96924
D18: Thiệp, Chung | F18: 2 | I18: =E18*115+F18*38+G18*28+H18*11 -> 76 | J18: =SUM(E18:H18)*6.3 -> 12.6 | K18: =(I18+J18)*5% -> 4.43 | L18: =(I18+J18)*10% -> 8.86 | M18: =SUM(E18:H18)*2 -> 4 | N18: =I18+J18-K18-L18-M18 -> 71.31 | O18: =Sheet1!I30 -> 174.28038 | P18: =SUM(E18:H18)*$P$8/$P$92 -> 21.095688 | Q18: =SUM(O18:P18) -> 195.37607 | R18: =Q18-N18 -> 124.06607 | S18: =$S$8 -> 2336.4 | T18: =R18*S18 -> 289867.97
D19: Tuấn, chiến sĩ | F19: 1 | H19: 1 | I19: =E19*115+F19*38+G19*28+H19*11 -> 49 | J19: =SUM(E19:H19)*6.3 -> 12.6 | K19: =(I19+J19)*5% -> 3.08 | L19: =(I19+J19)*10% -> 6.16 | M19: =SUM(E19:H19)*2 -> 4 | N19: =I19+J19-K19-L19-M19 -> 48.36 | O19: =Sheet1!I31 -> 138.79815 | P19: =SUM(E19:H19)*$P$8/$P$92 -> 21.095688 | Q19: =SUM(O19:P19) -> 159.89384 | R19: =Q19-N19 -> 111.53384 | S19: =$S$8 -> 2336.4 | T19: =R19*S19 -> 260587.66
D20: Bản đồ | F20: 1 | I20: =E20*115+F20*38+G20*28+H20*11 -> 38 | J20: =SUM(E20:H20)*6.3 -> 6.3 | K20: =(I20+J20)*5% -> 2.215 | L20: =(I20+J20)*10% -> 4.43 | M20: =SUM(E20:H20)*2 -> 2 | N20: =I20+J20-K20-L20-M20 -> 35.655 | O20: =Sheet1!I32 -> 112.70827 | P20: =SUM(E20:H20)*$P$8/$P$92 -> 10.547844 | Q20: =SUM(O20:P20) -> 123.25612 | R20: =Q20-N20 -> 87.601115 | S20: =$S$8 -> 2336.4 | T20: =R20*S20 -> 204671.25
B21: 6 | C21: Ban Trinh sát | D21: TB TS + Ngọc | F21: 2 | I21: =E21*115+F21*38+G21*28+H21*11 -> 76 | J21: =SUM(E21:H21)*6.3 -> 12.6 | K21: =(I21+J21)*5% -> 4.43 | L21: =(I21+J21)*10% -> 8.86 | M21: =SUM(E21:H21)*2 -> 4 | N21: =I21+J21-K21-L21-M21 -> 71.31 | O21: =Sheet1!I33 -> 209.76262 | P21: =SUM(E21:H21)*$P$8/$P$92 -> 21.095688 | Q21: =SUM(O21:P21) -> 230.8583 | R21: =Q21-N21 -> 159.5483 | S21: =$S$8 -> 2336.4 | T21: =R21*S21 -> 372768.66 | U21: =T21+T22 -> 516483.51 | V21: Trần Văn Ngọc
D22: TL Dũng | F22: 1 | I22: =E22*115+F22*38+G22*28+H22*11 -> 38 | J22: =SUM(E22:H22)*6.3 -> 6.3 | K22: =(I22+J22)*5% -> 2.215 | L22: =(I22+J22)*10% -> 4.43 | M22: =SUM(E22:H22)*2 -> 2 | N22: =I22+J22-K22-L22-M22 -> 35.655 | O22: =Sheet1!I34 -> 86.618394 | P22: =SUM(E22:H22)*$P$8/$P$92 -> 10.547844 | Q22: =SUM(O22:P22) -> 97.166238 | R22: =Q22-N22 -> 61.511238 | S22: =$S$8 -> 2336.4 | T22: =R22*S22 -> 143714.86
B23: 7 | C23: Ban Công binh | D23: TB + Tùng +Cường | F23: 2 | G23: 1 | I23: =E23*115+F23*38+G23*28+H23*11 -> 104 | J23: =SUM(E23:H23)*6.3 -> 18.9 | K23: =(I23+J23)*5% -> 6.145 | L23: =(I23+J23)*10% -> 12.29 | M23: =SUM(E23:H23)*2 -> 6 | N23: =I23+J23-K23-L23-M23 -> 98.465 | O23: =Sheet1!I35 -> 236.89609 | P23: =SUM(E23:H23)*$P$8/$P$92 -> 31.643532 | Q23: =SUM(O23:P23) -> 268.53962 | R23: =Q23-N23 -> 170.07462 | S23: =$S$8 -> 2336.4 | T23: =R23*S23 -> 397362.34 | U23: =T23+T24 -> 472663.82 | V23: Phạm Duy Hưng
D24: Hưng,Phiêu | F24: 2 | I24: =E24*115+F24*38+G24*28+H24*11 -> 76 | J24: =SUM(E24:H24)*6.3 -> 12.6 | K24: =(I24+J24)*5% -> 4.43 | L24: =(I24+J24)*10% -> 8.86 | M24: =SUM(E24:H24)*2 -> 4 | N24: =I24+J24-K24-L24-M24 -> 71.31 | O24: =Sheet1!I36 -> 82.444013 | P24: =SUM(E24:H24)*$P$8/$P$92 -> 21.095688 | Q24: =SUM(O24:P24) -> 103.5397 | R24: =Q24-N24 -> 32.229701 | S24: =$S$8 -> 2336.4 | T24: =R24*S24 -> 75301.474
B25: 8 | C25: Ban Pháo binh | D25: TB + Mạnh | F25: 2 | I25: =E25*115+F25*38+G25*28+H25*11 -> 76 | J25: =SUM(E25:H25)*6.3 -> 12.6 | K25: =(I25+J25)*5% -> 4.43 | L25: =(I25+J25)*10% -> 8.86 | M25: =SUM(E25:H25)*2 -> 4 | N25: =I25+J25-K25-L25-M25 -> 71.31 | O25: =Sheet1!I37 -> 244.20125 | P25: =SUM(E25:H25)*$P$8/$P$92 -> 21.095688 | Q25: =SUM(O25:P25) -> 265.29694 | R25: =Q25-N25 -> 193.98694 | S25: =$S$8 -> 2336.4 | T25: =R25*S25 -> 453231.09 | U25: =T25+T26 -> 540723.84 | V25: Nguyễn Anh Trung
D26: TL Anh; Diến | F26: 2 | I26: =E26*115+F26*38+G26*28+H26*11 -> 76 | J26: =SUM(E26:H26)*6.3 -> 12.6 | K26: =(I26+J26)*5% -> 4.43 | L26: =(I26+J26)*10% -> 8.86 | M26: =SUM(E26:H26)*2 -> 4 | N26: =I26+J26-K26-L26-M26 -> 71.31 | O26: =Sheet1!I38 -> 87.661989 | P26: =SUM(E26:H26)*$P$8/$P$92 -> 21.095688 | Q26: =SUM(O26:P26) -> 108.75768 | R26: =Q26-N26 -> 37.447677 | S26: =$S$8 -> 2336.4 | T26: =R26*S26 -> 87492.752
B27: 9 | C27: Ban Phòng không | D27: TB + Cường | F27: 2 | G27: 1 | I27: =E27*115+F27*38+G27*28+H27*11 -> 104 | J27: =SUM(E27:H27)*6.3 -> 18.9 | K27: =(I27+J27)*5% -> 6.145 | L27: =(I27+J27)*10% -> 12.29 | M27: =SUM(E27:H27)*2 -> 6 | N27: =I27+J27-K27-L27-M27 -> 98.465 | O27: =Sheet1!I39 -> 133.58017 | P27: =SUM(E27:H27)*$P$8/$P$92 -> 31.643532 | Q27: =SUM(O27:P27) -> 165.22371 | R27: =Q27-N27 -> 66.758705 | S27: =$S$8 -> 2336.4 | T27: =R27*S27 -> 155975.04 | U27: =T27+T28 -> 577508.81 | V27: Nguyễn Văn Cường
D28: Nguyên,Đạt | F28: 2 | I28: =E28*115+F28*38+G28*28+H28*11 -> 76 | J28: =SUM(E28:H28)*6.3 -> 12.6 | K28: =(I28+J28)*5% -> 4.43 | L28: =(I28+J28)*10% -> 8.86 | M28: =SUM(E28:H28)*2 -> 4 | N28: =I28+J28-K28-L28-M28 -> 71.31 | O28: =Sheet1!I40 -> 230.63452 | P28: =SUM(E28:H28)*$P$8/$P$92 -> 21.095688 | Q28: =SUM(O28:P28) -> 251.73021 | R28: =Q28-N28 -> 180.42021 | S28: =$S$8 -> 2336.4 | T28: =R28*S28 -> 421533.77
B29: 10 | C29: Ban thông tin | D29: TB + Khôi | F29: 2 | I29: =E29*115+F29*38+G29*28+H29*11 -> 76 | J29: =SUM(E29:H29)*6.3 -> 12.6 | K29: =(I29+J29)*5% -> 4.43 | L29: =(I29+J29)*10% -> 8.86 | M29: =SUM(E29:H29)*2 -> 4 | N29: =I29+J29-K29-L29-M29 -> 71.31 | O29: =Sheet1!I41 -> 99.141535 | P29: =SUM(E29:H29)*$P$8/$P$92 -> 21.095688 | Q29: =SUM(O29:P29) -> 120.23722 | R29: =Q29-N29 -> 48.927223 | S29: =$S$8 -> 2336.4 | T29: =R29*S29 -> 114313.56 | U29: =T29+T30 -> 713697.77 | V29: Lương Tuấn Hùng
D30: TL Khương; Nghĩa | F30: 3 | I30: =E30*115+F30*38+G30*28+H30*11 -> 114 | J30: =SUM(E30:H30)*6.3 -> 18.9 | K30: =(I30+J30)*5% -> 6.645 | L30: =(I30+J30)*10% -> 13.29 | M30: =SUM(E30:H30)*2 -> 6 | N30: =I30+J30-K30-L30-M30 -> 106.965 | O30: =Sheet1!I43 -> 331.86324 | P30: =SUM(E30:H30)*$P$8/$P$92 -> 31.643532 | Q30: =SUM(O30:P30) -> 363.50677 | R30: =Q30-N30 -> 256.54177 | S30: =$S$8 -> 2336.4 | T30: =R30*S30 -> 599384.2
D31: Cơ công | F31: 5 | G31: 1 | I31: =E31*115+F31*38+G31*28+H31*11 -> 218 | J31: =SUM(E31:H31)*6.3 -> 37.8 | K31: =(I31+J31)*5% -> 12.79 | L31: =(I31+J31)*10% -> 25.58 | M31: =SUM(E31:H31)*2 -> 12 | N31: =I31+J31-K31-L31-M31 -> 205.43 | O31: =Sheet1!I42 -> 368.38907 | P31: =SUM(E31:H31)*$P$8/$P$92 -> 63.287064 | Q31: =SUM(O31:P31) -> 431.67614 | R31: =Q31-N31 -> 226.24614 | S31: =$S$8 -> 2336.4 | T31: =R31*S31 -> 528601.47 | U31: =T31 -> 528601.47 | V31: Vũ Quang Trung
B32: 11 | C32: Ban tài chính | D32: TB Thịnh | F32: 1 | I32: =E32*115+F32*38+G32*28+H32*11 -> 38 | J32: =SUM(E32:H32)*6.3 -> 6.3 | K32: =(I32+J32)*5% -> 2.215 | L32: =(I32+J32)*10% -> 4.43 | M32: =SUM(E32:H32)*2 -> 2 | N32: =I32+J32-K32-L32-M32 -> 35.655 | O32: =Sheet1!I44 -> 384.043 | P32: =SUM(E32:H32)*$P$8/$P$92 -> 10.547844 | Q32: =SUM(O32:P32) -> 394.59084 | R32: =Q32-N32 -> 358.93584 | S32: =$S$8 -> 2336.4 | T32: =R32*S32 -> 838617.7 | U32: =T32+T33+T34+T35 -> 2907029.6 | V32: Vũ Tuấn Thịnh
D33: P2 Việt; Thắng | F33: 2 | I33: =E33*115+F33*38+G33*28+H33*11 -> 76 | J33: =SUM(E33:H33)*6.3 -> 12.6 | K33: =(I33+J33)*5% -> 4.43 | L33: =(I33+J33)*10% -> 8.86 | M33: =SUM(E33:H33)*2 -> 4 | N33: =I33+J33-K33-L33-M33 -> 71.31 | O33: =Sheet1!I45 -> 265.07316 | P33: =SUM(E33:H33)*$P$8/$P$92 -> 21.095688 | Q33: =SUM(O33:P33) -> 286.16884 | R33: =Q33-N33 -> 214.85884 | S33: =$S$8 -> 2336.4 | T33: =R33*S33 -> 501996.2
D34: P3 Phong; Thắng | G34: 3 | I34: =E34*115+F34*38+G34*28+H34*11 -> 84 | J34: =SUM(E34:H34)*6.3 -> 18.9 | K34: =(I34+J34)*5% -> 5.145 | L34: =(I34+J34)*10% -> 10.29 | M34: =SUM(E34:H34)*2 -> 6 | N34: =I34+J34-K34-L34-M34 -> 81.465 | O34: =Sheet1!I46 -> 566.67214 | P34: =SUM(E34:H34)*$P$8/$P$92 -> 31.643532 | Q34: =SUM(O34:P34) -> 598.31567 | R34: =Q34-N34 -> 516.85067 | S34: =$S$8 -> 2336.4 | T34: =R34*S34 -> 1207569.9
D35: P4 Vũ;Giang | G35: 2 | I35: =E35*115+F35*38+G35*28+H35*11 -> 56 | J35: =SUM(E35:H35)*6.3 -> 12.6 | K35: =(I35+J35)*5% -> 3.43 | L35: =(I35+J35)*10% -> 6.86 | M35: =SUM(E35:H35)*2 -> 4 | N35: =I35+J35-K35-L35-M35 -> 54.31 | O35: =Sheet1!I47 -> 186.80352 | P35: =SUM(E35:H35)*$P$8/$P$92 -> 21.095688 | Q35: =SUM(O35:P35) -> 207.89921 | R35: =Q35-N35 -> 153.58921 | S35: =$S$8 -> 2336.4 | T35: =R35*S35 -> 358845.83
B36: 12 | C36: Ban cơ yếu | D36: TB Vũ | F36: 2 | I36: =E36*115+F36*38+G36*28+H36*11 -> 76 | J36: =SUM(E36:H36)*6.3 -> 12.6 | K36: =(I36+J36)*5% -> 4.43 | L36: =(I36+J36)*10% -> 8.86 | M36: =SUM(E36:H36)*2 -> 4 | N36: =I36+J36-K36-L36-M36 -> 71.31 | O36: =Sheet1!I48 -> 91.836369 | P36: =SUM(E36:H36)*$P$8/$P$92 -> 21.095688 | Q36: =SUM(O36:P36) -> 112.93206 | R36: =Q36-N36 -> 41.622057 | S36: =$S$8 -> 2336.4 | T36: =R36*S36 -> 97245.774 | U36: =T36+T37 -> 182158.05 | V36: Vũ Văn Miện
D37: TL Sơn; Hà; Anh | F37: 3 | I37: =E37*115+F37*38+G37*28+H37*11 -> 114 | J37: =SUM(E37:H37)*6.3 -> 18.9 | K37: =(I37+J37)*5% -> 6.645 | L37: =(I37+J37)*10% -> 13.29 | M37: =SUM(E37:H37)*2 -> 6 | N37: =I37+J37-K37-L37-M37 -> 106.965 | O37: =Sheet1!I49 -> 111.66468 | P37: =SUM(E37:H37)*$P$8/$P$92 -> 31.643532 | Q37: =SUM(O37:P37) -> 143.30821 | R37: =Q37-N37 -> 36.343208 | S37: =$S$8 -> 2336.4 | T37: =R37*S37 -> 84912.271
B38: 13 | C38: Bảo mật | F38: 4 | I38: =E38*115+F38*38+G38*28+H38*11 -> 152 | J38: =SUM(E38:H38)*6.3 -> 25.2 | K38: =(I38+J38)*5% -> 8.86 | L38: =(I38+J38)*10% -> 17.72 | M38: =SUM(E38:H38)*2 -> 8 | N38: =I38+J38-K38-L38-M38 -> 142.62 | O38: =Sheet1!I50 -> 130.44939 | P38: =SUM(E38:H38)*$P$8/$P$92 -> 42.191376 | Q38: =SUM(O38:P38) -> 172.64076 | R38: =Q38-N38 -> 30.020764 | S38: =$S$8 -> 2336.4 | T38: =R38*S38 -> 70140.512 | U38: =T38 -> 70140.512 | V38: Nguyễn Đức Đến
B39: 14 | C39: Viết Sử | F39: 1 | I39: =E39*115+F39*38+G39*28+H39*11 -> 38 | J39: =SUM(E39:H39)*6.3 -> 6.3 | K39: =(I39+J39)*5% -> 2.215 | L39: =(I39+J39)*10% -> 4.43 | M39: =SUM(E39:H39)*2 -> 2 | N39: =I39+J39-K39-L39-M39 -> 35.655 | O39: =Sheet1!I51 -> 60.528516 | P39: =SUM(E39:H39)*$P$8/$P$92 -> 10.547844 | Q39: =SUM(O39:P39) -> 71.07636 | R39: =Q39-N39 -> 35.42136 | S39: =$S$8 -> 2336.4 | T39: =R39*S39 -> 82758.465 | U39: =T39 -> 82758.465 | V39: Phạm Duy Hiển
B40: 15 | C40: Trợ lý chính trị | F40: 1 | H40: 1 | I40: =E40*115+F40*38+G40*28+H40*11 -> 49 | J40: =SUM(E40:H40)*6.3 -> 12.6 | K40: =(I40+J40)*5% -> 3.08 | L40: =(I40+J40)*10% -> 6.16 | M40: =SUM(E40:H40)*2 -> 4 | N40: =I40+J40-K40-L40-M40 -> 48.36 | O40: =Sheet1!I52 -> 48.005375 | P40: =SUM(E40:H40)*$P$8/$P$92 -> 21.095688 | Q40: =SUM(O40:P40) -> 69.101063 | R40: =Q40-N40 -> 20.741063 | S40: =$S$8 -> 2336.4 | T40: =R40*S40 -> 48459.419 | U40: =T40 -> 48459.419 | V40: Phạm Bằng Thương
B41: 16 | C41: Tổ xe | F41: 5 | G41: 12 | I41: =E41*115+F41*38+G41*28+H41*11 -> 526 | J41: =SUM(E41:H41)*6.3 -> 107.1 | K41: =(I41+J41)*5% -> 31.655 | L41: =(I41+J41)*10% -> 63.31 | M41: =SUM(E41:H41)*2 -> 34 | N41: =I41+J41-K41-L41-M41 -> 504.135 | O41: =SUM(Sheet1!I53:I56) -> 672.07525 | P41: =SUM(E41:H41)*$P$8/$P$92 -> 179.31335 | Q41: =SUM(O41:P41) -> 851.38859 | R41: =Q41-N41 -> 347.25359 | S41: =$S$8 -> 2336.4 | T41: =R41*S41 -> 811323.3 | U41: =T41 -> 811323.3 | V41: Nguyễn Khắc Côn
B42: 17 | C42: Bảo đảm (Không tính quân y f bộ) | E42: 1 | F42: 6 | H42: 26 | I42: =E42*115+F42*38+G42*28+H42*11 -> 629 | J42: =SUM(E42:H42)*6.3 -> 207.9 | K42: =(I42+J42)*5% -> 41.845 | L42: =(I42+J42)*10% -> 83.69 | M42: =-(SUM(M10:M41)+SUM(M45:M61)+SUM(M63:M92)) -> -296 | N42: =I42+J42-K42-L42-M42 -> 1007.365 | O42: =SUM(Sheet1!I100:I105) -> 1540.3464 | P42: =SUM(E42:H42)*$P$8/$P$92 -> 348.07885 | Q42: =SUM(O42:P42) -> 1888.4252 | R42: =Q42-N42 -> 881.06022 | S42: =$S$8 -> 2336.4 | T42: =R42*S42 -> 2058509.1 | U42: =T42 -> 2058509.1 | V42: Hồ Sỹ Hùng
B43: 18 | C43: Phòng cắt tóc | I43: =E43*115+F43*38+G43*28+H43*11 -> 0 | J43: =SUM(E43:H43)*6.3 -> 0 | K43: =(I43+J43)*5% -> 0 | L43: =(I43+J43)*10% -> 0 | N43: =I43+J43-K43-L43-M43 -> 0 | O43: =Sheet1!I137 -> 91.836369 | P43: =SUM(E43:H43)*$P$8/$P$92 -> 0 | Q43: =SUM(O43:P43) -> 91.836369 | R43: =Q43-N43 -> 91.836369 | S43: =$S$8 -> 2336.4 | T43: =R43*S43 -> 214566.49 | U43: =T43 -> 214566.49 | V43: Hồ Sỹ Hùng
B44: II | C44: Phòng chính trị
B45: 1 | C45: Chủ nhiệm | E45: 1 | I45: =E45*115+F45*38+G45*28+H45*11 -> 115 | J45: =SUM(E45:H45)*6.3 -> 6.3 | K45: =(I45+J45)*5% -> 6.065 | L45: =(I45+J45)*10% -> 12.13 | N45: =I45+J45-K45-L45-M45 -> 103.105 | O45: =Sheet1!I58 -> 110.62108 | P45: =SUM(E45:H45)*$P$8/$P$92 -> 10.547844 | Q45: =SUM(O45:P45) -> 121.16892 | R45: =Q45-N45 -> 18.063925 | S45: =$S$8 -> 2336.4 | T45: =R45*S45 -> 42204.554 | U45: 48042 | V45: Phạm Văn Hải
B46: 2 | C46: Phó CN Long | E46: 1 | I46: =E46*115+F46*38+G46*28+H46*11 -> 115 | J46: =SUM(E46:H46)*6.3 -> 6.3 | K46: =(I46+J46)*5% -> 6.065 | L46: =(I46+J46)*10% -> 12.13 | N46: =I46+J46-K46-L46-M46 -> 103.105 | O46: =Sheet1!I59 -> 140.88534 | P46: =SUM(E46:H46)*$P$8/$P$92 -> 10.547844 | Q46: =SUM(O46:P46) -> 151.43318 | R46: =Q46-N46 -> 48.328183 | S46: =$S$8 -> 2336.4 | T46: =R46*S46 -> 112913.97 | V46: Nguyễn Đắc Long | W46: Thừa tháng trước chuyển sang
B47: 3 | C47: Phó CN Kha | E47: 1 | I47: =E47*115+F47*38+G47*28+H47*11 -> 115 | J47: =SUM(E47:H47)*6.3 -> 6.3 | K47: =(I47+J47)*5% -> 6.065 | L47: =(I47+J47)*10% -> 12.13 | N47: =I47+J47-K47-L47-M47 -> 103.105 | O47: =Sheet1!I60 -> 371.51986 | P47: =SUM(E47:H47)*$P$8/$P$92 -> 10.547844 | Q47: =SUM(O47:P47) -> 382.0677 | R47: =Q47-N47 -> 278.9627 | S47: =$S$8 -> 2336.4 | T47: =R47*S47 -> 651768.45 | U47: =T47 -> 651768.45 | V47: Đào Hồng Kha
B48: 4 | C48: PCN UBKT | E48: 2 | I48: =E48*115+F48*38+G48*28+H48*11 -> 230 | J48: =SUM(E48:H48)*6.3 -> 12.6 | K48: =(I48+J48)*5% -> 12.13 | L48: =(I48+J48)*10% -> 24.26 | N48: =I48+J48-K48-L48-M48 -> 206.21 | O48: =Sheet1!I61 -> 298.4682 | P48: =SUM(E48:H48)*$P$8/$P$92 -> 21.095688 | Q48: =SUM(O48:P48) -> 319.56389 | R48: =Q48-N48 -> 113.35389 | S48: =$S$8 -> 2336.4 | T48: =R48*S48 -> 264840.02 | U48: =T48 -> 264840.02 | V48: Nguyễn Văn Đông
B49: 5 | C49: Ban dân vận | E49: 2 | F49: 1 | I49: =E49*115+F49*38+G49*28+H49*11 -> 268 | J49: =SUM(E49:H49)*6.3 -> 18.9 | K49: =(I49+J49)*5% -> 14.345 | L49: =(I49+J49)*10% -> 28.69 | M49: =SUM(E49:H49)*2 -> 6 | N49: =I49+J49-K49-L49-M49 -> 237.865 | O49: =Sheet1!I62 -> 224.37295 | P49: =SUM(E49:H49)*$P$8/$P$92 -> 31.643532 | Q49: =SUM(O49:P49) -> 256.01648 | R49: =Q49-N49 -> 18.151479 | S49: =$S$8 -> 2336.4 | T49: =R49*S49 -> 42409.116 | U49: =T49 -> 42409.116 | V49: Bùi Văn Mạnh
B50: 6 | C50: Ban cán bộ | D50: TB + Thịnh | E50: 1 | G50: 1 | I50: =E50*115+F50*38+G50*28+H50*11 -> 143 | J50: =SUM(E50:H50)*6.3 -> 12.6 | K50: =(I50+J50)*5% -> 7.78 | L50: =(I50+J50)*10% -> 15.56 | M50: =SUM(E50:H50)*2 -> 4 | N50: =I50+J50-K50-L50-M50 -> 128.26 | O50: =Sheet1!I63 -> 196.19588 | P50: =SUM(E50:H50)*$P$8/$P$92 -> 21.095688 | Q50: =SUM(O50:P50) -> 217.29157 | R50: =Q50-N50 -> 89.031567 | S50: =$S$8 -> 2336.4 | T50: =R50*S50 -> 208013.35 | U50: =T51+T50 -> 739621.98 | V50: Phạm văn Huỳnh
D51: Huỳnh; Dũng | F51: 1 | G51: 1 | I51: =E51*115+F51*38+G51*28+H51*11 -> 66 | J51: =SUM(E51:H51)*6.3 -> 12.6 | K51: =(I51+J51)*5% -> 3.93 | L51: =(I51+J51)*10% -> 7.86 | M51: =SUM(E51:H51)*2 -> 4 | N51: =I51+J51-K51-L51-M51 -> 62.81 | O51: =Sheet1!I64 -> 269.24754 | P51: =SUM(E51:H51)*$P$8/$P$92 -> 21.095688 | Q51: =SUM(O51:P51) -> 290.34322 | R51: =Q51-N51 -> 227.53322 | S51: =$S$8 -> 2336.4 | T51: =R51*S51 -> 531608.63
B52: 7 | C52: Ban Bảo vệ | D52: TB + Thịnh | F52: 3 | I52: =E52*115+F52*38+G52*28+H52*11 -> 114 | J52: =SUM(E52:H52)*6.3 -> 18.9 | K52: =(I52+J52)*5% -> 6.645 | L52: =(I52+J52)*10% -> 13.29 | M52: =SUM(E52:H52)*2 -> 6 | N52: =I52+J52-K52-L52-M52 -> 106.965 | O52: =Sheet1!I65 -> 63.659301 | P52: =SUM(E52:H52)*$P$8/$P$92 -> 31.643532 | Q52: =SUM(O52:P52) -> 95.302833 | R52: =Q52-N52 -> -11.662167 | S52: =$S$8 -> 2336.4 | T52: =R52*S52 -> -27247.487 | U52: =T52+T53 -> 70704.998 | V52: Lê Bá Thuyên
D53: TL Hiếu + Đức | G53: 2 | I53: =E53*115+F53*38+G53*28+H53*11 -> 56 | J53: =SUM(E53:H53)*6.3 -> 12.6 | K53: =(I53+J53)*5% -> 3.43 | L53: =(I53+J53)*10% -> 6.86 | M53: =SUM(E53:H53)*2 -> 4 | N53: =I53+J53-K53-L53-M53 -> 54.31 | O53: =Sheet1!I66 -> 75.138847 | P53: =SUM(E53:H53)*$P$8/$P$92 -> 21.095688 | Q53: =SUM(O53:P53) -> 96.234535 | R53: =Q53-N53 -> 41.924535 | S53: =$S$8 -> 2336.4 | T53: =R53*S53 -> 97952.484
B54: 8 | C54: Ban tổ chức | D54: TB + Tân | E54: 1 | F54: 1 | I54: =E54*115+F54*38+G54*28+H54*11 -> 153 | J54: =SUM(E54:H54)*6.3 -> 12.6 | K54: =(I54+J54)*5% -> 8.28 | L54: =(I54+J54)*10% -> 16.56 | M54: =SUM(E54:H54)*2 -> 4 | N54: =I54+J54-K54-L54-M54 -> 136.76 | O54: =Sheet1!I67 -> 131.49298 | P54: =SUM(E54:H54)*$P$8/$P$92 -> 21.095688 | Q54: =SUM(O54:P54) -> 152.58867 | R54: =Q54-N54 -> 15.828671 | S54: =$S$8 -> 2336.4 | T54: =R54*S54 -> 36982.107 | U54: =T54+T55+T56 -> 327061.2 | V54: Lưu Văn Thắng
D55: Cậy | F55: 1 | I55: =E55*115+F55*38+G55*28+H55*11 -> 38 | J55: =SUM(E55:H55)*6.3 -> 6.3 | K55: =(I55+J55)*5% -> 2.215 | L55: =(I55+J55)*10% -> 4.43 | M55: =SUM(E55:H55)*2 -> 2 | N55: =I55+J55-K55-L55-M55 -> 35.655 | O55: =Sheet1!I68 -> 16.697522 | P55: =SUM(E55:H55)*$P$8/$P$92 -> 10.547844 | Q55: =SUM(O55:P55) -> 27.245366 | R55: =Q55-N55 -> -8.4096344 | S55: =$S$8 -> 2336.4 | T55: =R55*S55 -> -19648.27
D56: Khương; Ba | F56: 1 | G56: 1 | I56: =E56*115+F56*38+G56*28+H56*11 -> 66 | J56: =SUM(E56:H56)*6.3 -> 12.6 | K56: =(I56+J56)*5% -> 3.93 | L56: =(I56+J56)*10% -> 7.86 | M56: =SUM(E56:H56)*2 -> 4 | N56: =I56+J56-K56-L56-M56 -> 62.81 | O56: =Sheet1!I69 -> 174.28038 | P56: =SUM(E56:H56)*$P$8/$P$92 -> 21.095688 | Q56: =SUM(O56:P56) -> 195.37607 | R56: =Q56-N56 -> 132.56607 | S56: =$S$8 -> 2336.4 | T56: =R56*S56 -> 309727.37
B57: 9 | C57: Ban tuyên huấn | D57: TB | F57: 3 | I57: =E57*115+F57*38+G57*28+H57*11 -> 114 | J57: =SUM(E57:H57)*6.3 -> 18.9 | K57: =(I57+J57)*5% -> 6.645 | L57: =(I57+J57)*10% -> 13.29 | M57: =SUM(E57:H57)*2 -> 6 | N57: =I57+J57-K57-L57-M57 -> 106.965 | O57: =Sheet1!I70 -> 127.3186 | P57: =SUM(E57:H57)*$P$8/$P$92 -> 31.643532 | Q57: =SUM(O57:P57) -> 158.96213 | R57: =Q57-N57 -> 51.997134 | S57: =$S$8 -> 2336.4 | T57: =R57*S57 -> 121486.11 | U57: =T57+T58+T59 -> 408842.5 | V57: Nguyễn Văn Kiên
D58: Ánh (Hội trường) | F58: 1 | I58: =E58*115+F58*38+G58*28+H58*11 -> 38 | J58: =SUM(E58:H58)*6.3 -> 6.3 | K58: =(I58+J58)*5% -> 2.215 | L58: =(I58+J58)*10% -> 4.43 | M58: =SUM(E58:H58)*2 -> 2 | N58: =I58+J58-K58-L58-M58 -> 35.655 | O58: =Sheet1!I71+Sheet1!I72 -> 79.313228 | P58: =SUM(E58:H58)*$P$8/$P$92 -> 10.547844 | Q58: =SUM(O58:P58) -> 89.861072 | R58: =Q58-N58 -> 54.206072 | S58: =$S$8 -> 2336.4 | T58: =R58*S58 -> 126647.07
D59: TL Huyên; T Anh | F59: 3 | G59: 1 | I59: =E59*115+F59*38+G59*28+H59*11 -> 142 | J59: =SUM(E59:H59)*6.3 -> 25.2 | K59: =(I59+J59)*5% -> 8.36 | L59: =(I59+J59)*10% -> 16.72 | M59: =SUM(E59:H59)*2 -> 8 | N59: =I59+J59-K59-L59-M59 -> 134.12 | O59: =Sheet1!I73 -> 160.71365 | P59: =SUM(E59:H59)*$P$8/$P$92 -> 42.191376 | Q59: =SUM(O59:P59) -> 202.90502 | R59: =Q59-N59 -> 68.785022 | S59: =$S$8 -> 2336.4 | T59: =R59*S59 -> 160709.32
B60: 10 | C60: Thanh niên + Chính sách | F60: 2 | I60: =E60*115+F60*38+G60*28+H60*11 -> 76 | J60: =SUM(E60:H60)*6.3 -> 12.6 | K60: =(I60+J60)*5% -> 4.43 | L60: =(I60+J60)*10% -> 8.86 | M60: =SUM(E60:H60)*2 -> 4 | N60: =I60+J60-K60-L60-M60 -> 71.31 | O60: =Sheet1!I74 -> 125.23141 | P60: =SUM(E60:H60)*$P$8/$P$92 -> 21.095688 | Q60: =SUM(O60:P60) -> 146.3271 | R60: =Q60-N60 -> 75.0171 | S60: =$S$8 -> 2336.4 | T60: =R60*S60 -> 175269.95 | U60: =T60 -> 175269.95 | V60: Đỗ Đức Phường
B61: 11 | C61: TLKH huy, Vũ | E61: 1 | F61: 1 | I61: =E61*115+F61*38+G61*28+H61*11 -> 153 | J61: =SUM(E61:H61)*6.3 -> 12.6 | K61: =(I61+J61)*5% -> 8.28 | L61: =(I61+J61)*10% -> 16.56 | M61: =SUM(E61:H61)*2 -> 4 | N61: =I61+J61-K61-L61-M61 -> 136.76 | O61: =Sheet1!I75 -> 166.97522 | P61: =SUM(E61:H61)*$P$8/$P$92 -> 21.095688 | Q61: =SUM(O61:P61) -> 188.0709 | R61: =Q61-N61 -> 51.310904 | S61: =$S$8 -> 2336.4 | T61: =R61*S61 -> 119882.8 | U61: =T61 -> 119882.8 | V61: Nguyễn Quang Huy
B62: III | C62: Phòng HC-KT
B63: 1 | C63: PCN Mạnh | E63: 1 | I63: =E63*115+F63*38+G63*28+H63*11 -> 115 | J63: =SUM(E63:H63)*6.3 -> 6.3 | K63: =(I63+J63)*5% -> 6.065 | L63: =(I63+J63)*10% -> 12.13 | N63: =I63+J63-K63-L63-M63 -> 103.105 | O63: =Sheet1!I77 -> 199.32666 | P63: =SUM(E63:H63)*$P$8/$P$92 -> 10.547844 | Q63: =SUM(O63:P63) -> 209.87451 | R63: =Q63-N63 -> 106.76951 | S63: =$S$8 -> 2336.4 | T63: =R63*S63 -> 249456.28 | U63: =T63 -> 249456.28 | V63: Trần Văn Mạnh
B64: 2 | C64: PCN Quang | F64: 1 | I64: =E64*115+F64*38+G64*28+H64*11 -> 38 | J64: =SUM(E64:H64)*6.3 -> 6.3 | K64: =(I64+J64)*5% -> 2.215 | L64: =(I64+J64)*10% -> 4.43 | N64: =I64+J64-K64-L64-M64 -> 37.655 | O64: =Sheet1!I78 -> 83.487608 | P64: =SUM(E64:H64)*$P$8/$P$92 -> 10.547844 | Q64: =SUM(O64:P64) -> 94.035452 | R64: =Q64-N64 -> 56.380452 | S64: =$S$8 -> 2336.4 | T64: =R64*S64 -> 131727.29 | U64: =T64 -> 131727.29 | V64: Doãn Văn Quang
B65: 3 | C65: CN Dũng | E65: 1 | I65: =E65*115+F65*38+G65*28+H65*11 -> 115 | J65: =SUM(E65:H65)*6.3 -> 6.3 | K65: =(I65+J65)*5% -> 6.065 | L65: =(I65+J65)*10% -> 12.13 | N65: =I65+J65-K65-L65-M65 -> 103.105 | O65: =Sheet1!I79 -> 180.54195 | P65: =SUM(E65:H65)*$P$8/$P$92 -> 10.547844 | Q65: =SUM(O65:P65) -> 191.0898 | R65: =Q65-N65 -> 87.984797 | S65: =$S$8 -> 2336.4 | T65: =R65*S65 -> 205567.68 | U65: =T65 -> 205567.68 | V65: Đỗ Đức Dũng
B66: 4 | C66: Phòng ăn tầng 1 | G66: 1 | H66: 1 | I66: =E66*115+F66*38+G66*28+H66*11 -> 39 | J66: =SUM(E66:H66)*6.3 -> 12.6 | K66: =(I66+J66)*5% -> 2.58 | L66: =(I66+J66)*10% -> 5.16 | M66: =SUM(E66:H66)*2 -> 4 | N66: =I66+J66-K66-L66-M66 -> 39.86 | O66: =Sheet1!I80 -> 174.28038 | P66: =SUM(E66:H66)*$P$8/$P$92 -> 21.095688 | Q66: =SUM(O66:P66) -> 195.37607 | R66: =Q66-N66 -> 155.51607 | S66: =$S$8 -> 2336.4 | T66: =R66*S66 -> 363347.75 | U66: =T66 -> 363347.75 | V66: Nhâm Văn Thiết
B67: 5 | C67: Phòng ăn tầng 2 | H67: 1 | I67: =E67*115+F67*38+G67*28+H67*11 -> 11 | J67: =SUM(E67:H67)*6.3 -> 6.3 | K67: =(I67+J67)*5% -> 0.865 | L67: =(I67+J67)*10% -> 1.73 | M67: =SUM(E67:H67)*2 -> 2 | N67: =I67+J67-K67-L67-M67 -> 12.705 | O67: =Sheet1!I81 -> 157.58286 | P67: =SUM(E67:H67)*$P$8/$P$92 -> 10.547844 | Q67: =SUM(O67:P67) -> 168.1307 | R67: =Q67-N67 -> 155.4257 | S67: =$S$8 -> 2336.4 | T67: =R67*S67 -> 363136.62 | U67: =T67 -> 363136.62 | V67: Hoàng Tuấn Ngọc
B68: 6 | C68: Ban Kế hoạch | D68: Long | F68: 1 | G68: 1 | I68: =E68*115+F68*38+G68*28+H68*11 -> 66 | J68: =SUM(E68:H68)*6.3 -> 12.6 | K68: =(I68+J68)*5% -> 3.93 | L68: =(I68+J68)*10% -> 7.86 | M68: =SUM(E68:H68)*2 -> 4 | N68: =I68+J68-K68-L68-M68 -> 62.81 | O68: =Sheet1!I82 -> 96.010749 | P68: =SUM(E68:H68)*$P$8/$P$92 -> 21.095688 | Q68: =SUM(O68:P68) -> 117.10644 | R68: =Q68-N68 -> 54.296437 | S68: =$S$8 -> 2336.4 | T68: =R68*S68 -> 126858.2 | U68: =T68 -> 126858.2 | V68: Hồ Văn Cường
D69: TB Đức | F69: 1 | I69: =E69*115+F69*38+G69*28+H69*11 -> 38 | J69: =SUM(E69:H69)*6.3 -> 6.3 | K69: =(I69+J69)*5% -> 2.215 | L69: =(I69+J69)*10% -> 4.43 | M69: =SUM(E69:H69)*2 -> 2 | N69: =I69+J69-K69-L69-M69 -> 35.655 | O69: =Sheet1!I83 -> 190.9779 | P69: =SUM(E69:H69)*$P$8/$P$92 -> 10.547844 | Q69: =SUM(O69:P69) -> 201.52575 | R69: =Q69-N69 -> 165.87075 | S69: =$S$8 -> 2336.4 | T69: =R69*S69 -> 387540.42 | U69: =T69 -> 387540.42 | V69: Nguyễn Quang Đức
D70: TL Tùng,Cường | F70: 2 | I70: =E70*115+F70*38+G70*28+H70*11 -> 76 | J70: =SUM(E70:H70)*6.3 -> 12.6 | K70: =(I70+J70)*5% -> 4.43 | L70: =(I70+J70)*10% -> 8.86 | M70: =SUM(E70:H70)*2 -> 4 | N70: =I70+J70-K70-L70-M70 -> 71.31 | O70: =Sheet1!I84 -> 90.792774 | P70: =SUM(E70:H70)*$P$8/$P$92 -> 21.095688 | Q70: =SUM(O70:P70) -> 111.88846 | R70: =Q70-N70 -> 40.578462 | S70: =$S$8 -> 2336.4 | T70: =R70*S70 -> 94807.518 | U70: =T70 -> 94807.518 | V70: Nguyễn Hữu Tùng
B71: 7 | C71: Ban Doanh trại | D71: TB | F71: 1 | I71: =E71*115+F71*38+G71*28+H71*11 -> 38 | J71: =SUM(E71:H71)*6.3 -> 6.3 | K71: =(I71+J71)*5% -> 2.215 | L71: =(I71+J71)*10% -> 4.43 | M71: =SUM(E71:H71)*2 -> 2 | N71: =I71+J71-K71-L71-M71 -> 35.655 | O71: =Sheet1!I85 -> 83.487608 | P71: =SUM(E71:H71)*$P$8/$P$92 -> 10.547844 | Q71: =SUM(O71:P71) -> 94.035452 | R71: =Q71-N71 -> 58.380452 | S71: =$S$8 -> 2336.4 | T71: =R71*S71 -> 136400.09 | U71: =T71+T72+T73 -> 1225521.1 | V71: Lê Quang Thảo
D72: TL | G72: 2 | I72: =E72*115+F72*38+G72*28+H72*11 -> 56 | J72: =SUM(E72:H72)*6.3 -> 12.6 | K72: =(I72+J72)*5% -> 3.43 | L72: =(I72+J72)*10% -> 6.86 | M72: =SUM(E72:H72)*2 -> 4 | N72: =I72+J72-K72-L72-M72 -> 54.31 | O72: =Sheet1!I86 -> 89.749179 | P72: =SUM(E72:H72)*$P$8/$P$92 -> 21.095688 | Q72: =SUM(O72:P72) -> 110.84487 | R72: =Q72-N72 -> 56.534867 | S72: =$S$8 -> 2336.4 | T72: =R72*S72 -> 132088.06
D73: Nhà ở trạm nước | F73: 5 | H73: 3 | I73: =E73*115+F73*38+G73*28+H73*11 -> 223 | J73: =SUM(E73:H73)*6.3 -> 50.4 | K73: =(I73+J73)*5% -> 13.67 | L73: =(I73+J73)*10% -> 27.34 | M73: =SUM(E73:H73)*2 -> 16 | N73: =I73+J73-K73-L73-M73 -> 216.39 | O73: =Sheet1!I87 -> 541.62586 | P73: =SUM(E73:H73)*$P$8/$P$92 -> 84.382752 | Q73: =SUM(O73:P73) -> 626.00861 | R73: =Q73-N73 -> 409.61861 | S73: =$S$8 -> 2336.4 | T73: =R73*S73 -> 957032.92
B74: 8 | C74: Ban Quân nhu | D74: TB Ngọc | F74: 1 | I74: =E74*115+F74*38+G74*28+H74*11 -> 38 | J74: =SUM(E74:H74)*6.3 -> 6.3 | K74: =(I74+J74)*5% -> 2.215 | L74: =(I74+J74)*10% -> 4.43 | M74: =SUM(E74:H74)*2 -> 2 | N74: =I74+J74-K74-L74-M74 -> 35.655 | O74: =Sheet1!I88 -> 162.80084 | P74: =SUM(E74:H74)*$P$8/$P$92 -> 10.547844 | Q74: =SUM(O74:P74) -> 173.34868 | R74: =Q74-N74 -> 137.69368 | S74: =$S$8 -> 2336.4 | T74: =R74*S74 -> 321707.51 | U74: =T74 -> 321707.51 | V74: Hoàng Tuấn Ngọc
D75: TL Huy; Triệu | F75: 1 | G75: 1 | I75: =E75*115+F75*38+G75*28+H75*11 -> 66 | J75: =SUM(E75:H75)*6.3 -> 12.6 | K75: =(I75+J75)*5% -> 3.93 | L75: =(I75+J75)*10% -> 7.86 | M75: =SUM(E75:H75)*2 -> 4 | N75: =I75+J75-K75-L75-M75 -> 62.81 | O75: =Sheet1!I89 -> 206.63183 | P75: =SUM(E75:H75)*$P$8/$P$92 -> 21.095688 | Q75: =SUM(O75:P75) -> 227.72752 | R75: =Q75-N75 -> 164.91752 | S75: =$S$8 -> 2336.4 | T75: =R75*S75 -> 385313.29 | U75: =T75 -> 385313.29 | V75: Nguyễn Văn Triệu
D76: TL Nam | F76: 1 | G76: 1 | I76: =E76*115+F76*38+G76*28+H76*11 -> 66 | J76: =SUM(E76:H76)*6.3 -> 12.6 | K76: =(I76+J76)*5% -> 3.93 | L76: =(I76+J76)*10% -> 7.86 | M76: =SUM(E76:H76)*2 -> 4 | N76: =I76+J76-K76-L76-M76 -> 62.81 | O76: =Sheet1!I90 -> 212.8934 | P76: =SUM(E76:H76)*$P$8/$P$92 -> 21.095688 | Q76: =SUM(O76:P76) -> 233.98909 | R76: =Q76-N76 -> 171.17909 | S76: =$S$8 -> 2336.4 | T76: =R76*S76 -> 399942.82 | U76: =T76 -> 399942.82 | V76: Nguyễn Văn Nam
B77: 9 | C77: Ban Xăng dầu | D77: TB | F77: 1 | I77: =E77*115+F77*38+G77*28+H77*11 -> 38 | J77: =SUM(E77:H77)*6.3 -> 6.3 | K77: =(I77+J77)*5% -> 2.215 | L77: =(I77+J77)*10% -> 4.43 | M77: =SUM(E77:H77)*2 -> 2 | N77: =I77+J77-K77-L77-M77 -> 35.655 | O77: =Sheet1!I91 -> 81.400418 | P77: =SUM(E77:H77)*$P$8/$P$92 -> 10.547844 | Q77: =SUM(O77:P77) -> 91.948262 | R77: =Q77-N77 -> 56.293262 | S77: =$S$8 -> 2336.4 | T77: =R77*S77 -> 131523.58 | U77: =T77+T78 -> 360788.51 | V77: Cao Văn Khóa
D78: Tùng; Chuyên | F78: 1 | G78: 1 | I78: =E78*115+F78*38+G78*28+H78*11 -> 66 | J78: =SUM(E78:H78)*6.3 -> 12.6 | K78: =(I78+J78)*5% -> 3.93 | L78: =(I78+J78)*10% -> 7.86 | M78: =SUM(E78:H78)*2 -> 4 | N78: =I78+J78-K78-L78-M78 -> 62.81 | O78: =Sheet1!I92 -> 139.84174 | P78: =SUM(E78:H78)*$P$8/$P$92 -> 21.095688 | Q78: =SUM(O78:P78) -> 160.93743 | R78: =Q78-N78 -> 98.127432 | S78: =$S$8 -> 2336.4 | T78: =R78*S78 -> 229264.93
B79: 10 | C79: Ban Quân y | D79: Ban Quân y | F79: 2 | G79: 1 | I79: =E79*115+F79*38+G79*28+H79*11 -> 104 | J79: =SUM(E79:H79)*6.3 -> 18.9 | K79: =(I79+J79)*5% -> 6.145 | L79: =(I79+J79)*10% -> 12.29 | M79: =SUM(E79:H79)*2 -> 6 | N79: =I79+J79-K79-L79-M79 -> 98.465 | O79: =Sheet1!I93 -> 70.964467 | P79: =SUM(E79:H79)*$P$8/$P$92 -> 31.643532 | Q79: =SUM(O79:P79) -> 102.608 | R79: =Q79-N79 -> 4.1429989 | S79: =$S$8 -> 2336.4 | T79: =R79*S79 -> 9679.7027 | U79: =T79 -> 9679.7027 | V79: Phùng Sỹ Toàn
B80: 11 | C80: Ban xe máy | D80: TB | F80: 1 | I80: =E80*115+F80*38+G80*28+H80*11 -> 38 | J80: =SUM(E80:H80)*6.3 -> 6.3 | K80: =(I80+J80)*5% -> 2.215 | L80: =(I80+J80)*10% -> 4.43 | M80: =SUM(E80:H80)*2 -> 2 | N80: =I80+J80-K80-L80-M80 -> 35.655 | O80: =Sheet1!I94 -> 77.226038 | P80: =SUM(E80:H80)*$P$8/$P$92 -> 10.547844 | Q80: =SUM(O80:P80) -> 87.773882 | R80: =Q80-N80 -> 52.118882 | S80: =$S$8 -> 2336.4 | T80: =R80*S80 -> 121770.55 | U80: =T80+T81 -> 355537.4 | V80: Nguyễn Trung Thành
D81: Nhiên + CS | F81: 1 | H81: 1 | I81: =E81*115+F81*38+G81*28+H81*11 -> 49 | J81: =SUM(E81:H81)*6.3 -> 12.6 | K81: =(I81+J81)*5% -> 3.08 | L81: =(I81+J81)*10% -> 6.16 | M81: =SUM(E81:H81)*2 -> 4 | N81: =I81+J81-K81-L81-M81 -> 48.36 | O81: =Sheet1!I95 -> 127.3186 | P81: =SUM(E81:H81)*$P$8/$P$92 -> 21.095688 | Q81: =SUM(O81:P81) -> 148.41429 | R81: =Q81-N81 -> 100.05429 | S81: =$S$8 -> 2336.4 | T81: =R81*S81 -> 233766.84
B82: 12 | C82: Ban Quân khí | D82: TB | F82: 1 | I82: =E82*115+F82*38+G82*28+H82*11 -> 38 | J82: =SUM(E82:H82)*6.3 -> 6.3 | K82: =(I82+J82)*5% -> 2.215 | L82: =(I82+J82)*10% -> 4.43 | M82: =SUM(E82:H82)*2 -> 2 | N82: =I82+J82-K82-L82-M82 -> 35.655 | O82: =Sheet1!I96 -> 129.40579 | P82: =SUM(E82:H82)*$P$8/$P$92 -> 10.547844 | Q82: =SUM(O82:P82) -> 139.95364 | R82: =Q82-N82 -> 104.29864 | S82: =$S$8 -> 2336.4 | T82: =R82*S82 -> 243683.33 | U82: =T82+T83 -> 433936.18 | V82: Lê Quang Trường
D83: TL | F83: 1 | G83: 1 | I83: =E83*115+F83*38+G83*28+H83*11 -> 66 | J83: =SUM(E83:H83)*6.3 -> 12.6 | K83: =(I83+J83)*5% -> 3.93 | L83: =(I83+J83)*10% -> 7.86 | M83: =SUM(E83:H83)*2 -> 4 | N83: =I83+J83-K83-L83-M83 -> 62.81 | O83: =Sheet1!I97 -> 123.14422 | P83: =SUM(E83:H83)*$P$8/$P$92 -> 21.095688 | Q83: =SUM(O83:P83) -> 144.23991 | R83: =Q83-N83 -> 81.42991 | S83: =$S$8 -> 2336.4 | T83: =R83*S83 -> 190252.84
C84: TLCT Huy | F84: 1 | I84: =E84*115+F84*38+G84*28+H84*11 -> 38 | J84: =SUM(E84:H84)*6.3 -> 6.3 | K84: =(I84+J84)*5% -> 2.215 | L84: =(I84+J84)*10% -> 4.43 | M84: =SUM(E84:H84)*2 -> 2 | N84: =I84+J84-K84-L84-M84 -> 35.655 | O84: =Sheet1!I98 -> 94.967154 | P84: =SUM(E84:H84)*$P$8/$P$92 -> 10.547844 | Q84: =SUM(O84:P84) -> 105.515 | R84: =Q84-N84 -> 69.859998 | S84: =$S$8 -> 2336.4 | T84: =R84*S84 -> 163220.9 | U84: =T84 -> 163220.9 | V84: Tô Đình Huy
B85: IV | C85: Khác
B86: 1 | C86: Nhà xe dân sự | I86: =E86*115+F86*38+G86*28+H86*11 -> 0 | J86: =SUM(E86:H86)*6.3 -> 0 | K86: =(I86+J86)*5% -> 0 | L86: =(I86+J86)*10% -> 0 | M86: =SUM(E86:H86)*2 -> 0 | N86: =I86+J86-K86-L86-M86 -> 0 | O86: =Sheet1!I134 -> 48.005375 | Q86: =SUM(O86:P86) -> 48.005375 | R86: =Q86-N86 -> 48.005375 | S86: =$S$8 -> 2336.4 | T86: =R86*S86 -> 112159.76 | U86: =T86 -> 112159.76 | V86: Nguyễn Thành Hưng
B87: 2 | C87: Xưởng in Ban tác huấn | I87: =E87*115+F87*38+G87*28+H87*11 -> 0 | J87: =SUM(E87:H87)*6.3 -> 0 | K87: =(I87+J87)*5% -> 0 | L87: =(I87+J87)*10% -> 0 | M87: =SUM(E87:H87)*2 -> 0 | N87: =I87+J87-K87-L87-M87 -> 0 | O87: =Sheet1!I135 -> 343.34279 | Q87: =SUM(O87:P87) -> 343.34279 | R87: =Q87-N87 -> 343.34279 | S87: =$S$8 -> 2336.4 | T87: =R87*S87 -> 802186.09 | U87: =T87 -> 802186.09 | V87: Ngô Minh Phương
B88: 3 | C88: Trạm sửa chữa cổng | I88: =E88*115+F88*38+G88*28+H88*11 -> 0 | J88: =SUM(E88:H88)*6.3 -> 0 | K88: =(I88+J88)*5% -> 0 | L88: =(I88+J88)*10% -> 0 | M88: =SUM(E88:H88)*2 -> 0 | N88: =I88+J88-K88-L88-M88 -> 0 | O88: =Sheet1!I138 -> 374.65064 | Q88: =SUM(O88:P88) -> 374.65064 | R88: =Q88-N88 -> 374.65064 | S88: =$S$8 -> 2336.4 | T88: =R88*S88 -> 875333.76 | U88: =T88 -> 875333.76 | V88: Hoàng Văn Thanh
B89: 4 | C89: Cây ATM | I89: =E89*115+F89*38+G89*28+H89*11 -> 0 | J89: =SUM(E89:H89)*6.3 -> 0 | K89: =(I89+J89)*5% -> 0 | L89: =(I89+J89)*10% -> 0 | M89: =SUM(E89:H89)*2 -> 0 | N89: =I89+J89-K89-L89-M89 -> 0 | O89: =Sheet1!I142 -> 486.31532 | Q89: =SUM(O89:P89) -> 486.31532 | R89: =Q89-N89 -> 486.31532 | S89: =$S$8 -> 2336.4 | T89: =R89*S89 -> 1136227.1 | U89: =T89 -> 1136227.1 | V89: Ngân Hàng MB
B90: 5 | C90: Chuồng lợn bếp fbo | I90: =E90*115+F90*38+G90*28+H90*11 -> 0 | J90: =SUM(E90:H90)*6.3 -> 0 | K90: =(I90+J90)*5% -> 0 | L90: =(I90+J90)*10% -> 0 | M90: =SUM(E90:H90)*2 -> 0 | N90: =I90+J90-K90-L90-M90 -> 0 | O90: =Sheet1!I149 -> 6.2615706 | Q90: =SUM(O90:P90) -> 6.2615706 | R90: =Q90-N90 -> 6.2615706 | S90: =$S$8 -> 2336.4 | T90: =R90*S90 -> 14629.534 | U90: =T90 -> 14629.534 | V90: Nguyễn Đình Cử
B91: 6 | C91: Máy sục ao (Hưng Hchính) | I91: =E91*115+F91*38+G91*28+H91*11 -> 0 | J91: =SUM(E91:H91)*6.3 -> 0 | K91: =(I91+J91)*5% -> 0 | L91: =(I91+J91)*10% -> 0 | M91: =SUM(E91:H91)*2 -> 0 | N91: =I91+J91-K91-L91-M91 -> 0 | O91: =Sheet1!I152 -> 0 | Q91: =SUM(O91:P91) -> 0 | R91: =Q91-N91 -> 0 | S91: =$S$8 -> 2336.4 | T91: =R91*S91 -> 0 | U91: =T91 -> 0 | V91: Nguyễn Thành Hưng
C92: Tổng Quân số | E92: =SUM(E9:E91) -> 16 | F92: =SUM(F9:F91) -> 106 | G92: =SUM(G9:G91) -> 35 | H92: =SUM(H9:H91) -> 35 | P92: =SUM(E92:H92) -> 192 | T92: =SUM(T10:T91) -> 25406050 | U92: =SUM(U10:U91) -> 25298973
T94: TL. SƯ ĐOÀN TRƯỞNG
D95: NGƯỜI LẬP | J95: TRƯỞNG BAN DOANH TRẠI | R95: CHỦ NHIỆM HẬU CẦN - KỸ THUẬT
D101: Thiếu tá Nguyễn Duy Hậu | J101: Thiếu tá Lê Quang Thảo | R101: Thượng tá Đỗ Đức Dũng
